posted_utc,category,date,time,text,url,tweet_id
2011-06-03 23:17,other,,19:00,"The water temperature is 70 degrees, measured at the boat ramp at 7pm today.",https://twitter.com/waldenpondstate/status/76789670159187968,76789670159187968
2016-08-28 22:14,other,2016-08-28,18:10,8/28/16 Sunday August 28 at 6:10pm Walden Pond is closed for the evening due to visitor capacity. Reopening tomorrow at 5am August 29th.,https://twitter.com/waldenpondstate/status/770021693666492416,770021693666492416
2016-09-09 22:27,other,2016-09-09,18:20,"9/9/16 6:20pm. Walden Pond is closed for the evening due to capacity. We will reopen tomorrow, hours 7am-7:30pm.",https://twitter.com/waldenpondstate/status/774373758001786880,774373758001786880
2016-09-11 22:38,other,2016-09-11,,9/11/2016 Walden Pond's Bathhouse and water fountain not available until  further notice. Will update this when there is a change.,https://twitter.com/waldenpondstate/status/775101144091791360,775101144091791360
2016-09-13 17:41,other,2016-09-19,05:00,Starting Monday 9/19/16 Walden Pond will no longer open at 5AM on weekdays. Opening time will be 7AM everyday.,https://twitter.com/waldenpondstate/status/775751313443332097,775751313443332097
2016-10-02 18:36,other,2016-10-02,18:30,Starting Sunday 10/2/16 Walden Pond will will be closing at 6:30PM. All cars must exit the parking lot by 7PM.,https://twitter.com/waldenpondstate/status/782650368341663744,782650368341663744
2016-10-11 17:27,other,,08:00,Starting Sunday 10/16 Walden pond will be opening at 8AM everyday. Closing time will still be 6:30PM.,https://twitter.com/waldenpondstate/status/785894583292964865,785894583292964865
2016-10-22 18:55,other,,17:30,Starting Sunday 10/23 Walden Pond will be closing at 5:30PM. All cars must exit the parking lot by 6PM. Opening time will still be 8AM.,https://twitter.com/waldenpondstate/status/789902942891548672,789902942891548672
2016-11-03 21:21,other,2016-11-06,08:00,Starting Sunday 11/6/16 Walden Pond will be open from 8AM to 4PM everyday. All cars must exit the main lot by 4:30PM.,https://twitter.com/waldenpondstate/status/794288359103336448,794288359103336448
2016-11-05 20:04,other,2016-11-05,08:00,"Saturday Nov 5 2016. Starting tomorrow, Sunday Nov 6, 2016, hours at Walden Pond will be 8am to 4:00pm.",https://twitter.com/waldenpondstate/status/794993740163190784,794993740163190784
2016-11-08 20:00,other,2016-11-11,,"In honor of Veteran's Day all day use fees will be waived at Massachusetts State Parks on Friday, November 11, 2016,",https://twitter.com/waldenpondstate/status/796080029922902016,796080029922902016
2016-11-30 20:05,other,2016-12-01,,"12/1/16 Walden Pond Boat Ramp closed for the winter, reopening in April 2017 weather permitting.",https://twitter.com/waldenpondstate/status/804053704487948288,804053704487948288
2017-02-05 15:16,other,2017-02-05,08:00,"Sunday Feb 5 2017. Starting today, hours at Walden Pond will be 8am to 5:00pm.",https://twitter.com/waldenpondstate/status/828261021039128578,828261021039128578
2017-03-12 16:35,other,2017-03-12,08:00,"Sunday March 12, 2017 Starting today, hours at Walden Pond will be 8am to 6:30pm.",https://twitter.com/waldenpondstate/status/840964411854618624,840964411854618624
2017-04-09 15:00,other,2017-04-09,08:00,"Starting Sunday, April 9, 2017, Walden Pond will be open at 8am and closed at 7pm.",https://twitter.com/waldenpondstate/status/851087420951015425,851087420951015425
2017-06-11 13:04,other,2017-06-11,09:00,6/11/17 at 9am Walden Pond closed due to visitor capacity. Walden reopening at 1:30pm today. Limited parking may be available at that time.,https://twitter.com/waldenpondstate/status/873888634851799040,873888634851799040
2017-06-11 18:03,other,2017-06-11,14:00,6/11/17 at 2pm Walden Pond closed due to visitor capacity. Walden Pond reopens at 5:30pm today Limited parking may be available at that time,https://twitter.com/waldenpondstate/status/873963890211737602,873963890211737602
2017-06-12 19:30,other,2017-06-12,15:30,6/12/17 at 3:30pm Walden Pond closed due to visitor capacity. Walden  reopening at 5:30pm today. Limited parking may be available.,https://twitter.com/waldenpondstate/status/874348287029121024,874348287029121024
2017-06-19 15:42,other,2017-06-19,05:00,Starting 6/19/17 Walden Pond opens at 5am Mondays through Fridays,https://twitter.com/waldenpondstate/status/876827528794710016,876827528794710016
2017-06-24 19:35,other,2017-06-24,15:30,6/24/17 at 3:30pm Walden Pond closed due to visitor capacity. Walden will reopen at 5:30pm today - limited parking may be available then.,https://twitter.com/waldenpondstate/status/878698157416353794,878698157416353794
2017-07-02 22:38,other,2017-07-02,18:15,7/2/17 at 6:15pm Walden Pond closed for the evening due to visitor capacity. We will open the park tomorrow Monday 7/3 at 5:00am.,https://twitter.com/waldenpondstate/status/881643311655784448,881643311655784448
2017-07-03 13:47,other,2017-07-03,09:17,7/3/17 at 9:17am Walden Pond closed after reaching visitor capacity. Dropping off or walking in is not allowed. Reopening at 2pm.,https://twitter.com/waldenpondstate/status/881872138717802497,881872138717802497
2017-07-03 18:40,other,2017-07-03,14:39,7/3/17 at 2:39p.m. Walden Pond closed after reaching visitor capacity.  Dropping off or walking in is not allowed. Reopening at 5:30pm.,https://twitter.com/waldenpondstate/status/881945792705175553,881945792705175553
2017-07-03 22:32,other,2017-07-03,18:15,7/3/17 at 6:15pm Walden Pond closed for the evening due to visitor capacity. We will open the park tomorrow Tuesday 7/4 at 5:00am.,https://twitter.com/waldenpondstate/status/882004250091507712,882004250091507712
2017-09-07 14:21,other,2017-09-14,11:00,"The public is invited to the Interpretive Exhibit Unveiling, Thursday September 14, 2017 11am at DCR's Walden Pond State Reservation. https://t.co/tjFimFQSEN",https://twitter.com/waldenpondstate/status/905798251974197249,905798251974197249
2017-09-14 20:07,other,2017-09-17,07:00,"Beginning the week of Sunday, September 17th, Walden Pond State Reservation will be opening at 7am daily. Tomorrow is the last 5AM open.",https://twitter.com/waldenpondstate/status/908421864619479042,908421864619479042
2017-10-01 15:07,other,2017-10-08,08:00,"Beginning Sunday, October 8th Walden Pond will be opening daily at 8:00am; closing time 6pm.",https://twitter.com/waldenpondstate/status/914507016449781760,914507016449781760
2017-10-13 15:53,other,2017-10-15,17:30,"As of Sunday, October 15th, Walden Pond will be closing at 5:30pm. Daily hours will then be 8AM-5:30PM.",https://twitter.com/waldenpondstate/status/918867349247348736,918867349247348736
2017-10-30 20:20,other,2017-11-05,16:00,"As of Sunday, November 5th, Walden Pond will be closing at 4:00pm. Daily hours will then be 8AM-4:00PM.",https://twitter.com/waldenpondstate/status/925095078892376064,925095078892376064
2018-02-04 17:50,other,2018-02-04,17:00,"As of Sunday, February 4th, Walden Pond will be closing at 5:00PM. Daily hours will then be 8AM-5:00PM. Visitor Center Hours 10AM-3:30PM.",https://twitter.com/waldenpondstate/status/960208900095119367,960208900095119367
2018-03-08 15:43,other,2018-03-08,,"@waldenpondstate Walden Pond State Reservation is closed today, March 8, 2018, due to trees down, storm damage, and safety issues. We will retweet when normal hours resume.",https://twitter.com/waldenpondstate/status/971773426724634624,971773426724634624
2018-03-09 13:39,other,,08:00,"@waldenpondstate Walden Pond State Reservation has resumed regular hours, 8am-5pm. However, Rte. 126 south of the Pond (in Lincoln) is closed. You must access Walden Street (126) from Concord.",https://twitter.com/waldenpondstate/status/972104696159719424,972104696159719424
2018-03-11 17:11,other,2018-03-11,18:30,"As of Sunday, March 11th, 2018, Walden Pond will be closing at 6:30PM. Daily hours will be 8AM-6:30PM. Visitor Center Hours 10AM-3:30PM.",https://twitter.com/waldenpondstate/status/972882601097691137,972882601097691137
2018-04-08 13:42,other,2018-04-08,19:30,"As of Sunday, April 8th, 2018, Walden Pond will be closing at 7:30PM.  Daily hours will be 8AM-7:30PM.",https://twitter.com/waldenpondstate/status/982976992583798786,982976992583798786
2018-05-11 19:53,other,2018-05-13,07:00,"As of Sunday, May 13th, 2018, Walden Pond will be opening at 7:00AM.  Daily hours will be 7AM-7:30PM.",https://twitter.com/waldenpondstate/status/995029268538281984,995029268538281984
2018-06-12 18:21,other,2018-06-18,05:00,"Starting Monday, June 18, 2018, Walden Pond will be open 5am-7:30pm, Mon-Friday. Weekend hours will remain, 7am-7:30pm.",https://twitter.com/waldenpondstate/status/1006602359559131141,1006602359559131141
2018-08-01 12:12,event,2018-08-06,,Still room available in the upcoming FREE Jr. Ranger program Aug 6-10. Sign up for one or all of the daily sessions. FREE DAY PARKING included for registered participants. Contact walden.pond@state.ma.us https://t.co/SCkcs7g9vj,https://twitter.com/waldenpondstate/status/1024628989992861696,1024628989992861696
2018-10-06 15:28,event,,11:00,"Sunday 10/7 10-11am Come and listen, come and read, join a public reading of Thoreau's essay ""Wild Apples"" in the Walden Pond Visitor Center! https://t.co/2cHxoTIZRi",https://twitter.com/waldenpondstate/status/1048595797510672388,1048595797510672388
2018-11-25 16:10,other,2018-11-21,,"As of last Wednesday, November 21 Walden Pond's boat ramp is closed for the winter. It will remain closed until April 1, 2019 weather  permitting. https://t.co/qiS0uYYunG",https://twitter.com/waldenpondstate/status/1066725746238988288,1066725746238988288
2019-01-21 17:45,event,,13:00,"Join our ""Civil Disobedience"" program today at 1pm. Discuss Thoreau's influence on Martin Luther King Jr.",https://twitter.com/waldenpondstate/status/1087405724492275712,1087405724492275712
2019-02-03 14:30,other,2019-04-01,,"Walden Pond's boat ramp is closed for the winter. It will remain closed until April 1, 2019 weather  permitting.",https://twitter.com/waldenpondstate/status/1092067685683396608,1092067685683396608
2019-02-08 22:52,event,2019-02-09,11:00,"The Tracking program ""In Thoreau's Footsteps"" scheduled for February 9 at 11am (tomorrow) has been cancelled at @waldenpondstate Sorry for any inconvenience!",https://twitter.com/waldenpondstate/status/1094006003287367680,1094006003287367680
2019-03-10 16:18,other,2019-03-10,08:00,"Starting Sunday 3/10/19 Walden Pond park hours: 8:00am to 6:30pm, gates lock at 7:00pm.",https://twitter.com/waldenpondstate/status/1104778485028057090,1104778485028057090
2019-06-14 17:05,other,2019-06-16,05:00,"Beginning Sunday, 6/16/19, Walden Pond will be opening at 5am Monday - Friday. On weekends will we continue to open at 7am. Closing time will still be 7:30pm.  The boat ramp automatically unlocks at 5am everyday. All cars must leave the boat ramp by 7:30pm.",https://twitter.com/waldenpondstate/status/1139579564898824194,1139579564898824194
2019-07-20 14:37,event,,,Live Life in the 1800s as a Walden Pond Junior Ranger in August! Sign up for one session or the whole series. PRE-REGISTRATION REQUIRED. Each child must be accompanied by a participating adult. https://t.co/R5WY1qlUNV,https://twitter.com/waldenpondstate/status/1152588447409946625,1152588447409946625
2019-08-02 21:32,event,,,TRAVEL BACK IN TIME - Still a few spots left for next week's FREE Jr. Ranger program for ages 7-12 and a supervising adult. REGISTRATION REQUIRED. FREE Day Parking included. Sign up for one or all of the sessions at walden.pond@mass.gov  attn: Jr Rangers https://t.co/CmXUTjbIZ1,https://twitter.com/waldenpondstate/status/1157403941019299840,1157403941019299840
2019-08-06 12:53,event,2019-08-06,19:30,Tuesday 8/6/19 DCR Universal Access program 12-7:30pm has some reserved parking at the boat ramp.,https://twitter.com/waldenpondstate/status/1158722867539976192,1158722867539976192
2019-08-12 20:32,event,2019-08-13,08:00,Tuesday 8/13/19 DCR Universal Access program 8am-4pm has some reserved parking at the boat ramp.,https://twitter.com/waldenpondstate/status/1161012589289193474,1161012589289193474
2019-08-19 21:28,event,2019-08-20,10:00,Tuesday 8/20/19 DCR Universal Access program 10am-6pm has some reserved parking at the boat ramp.,https://twitter.com/waldenpondstate/status/1163563492823261189,1163563492823261189
2019-08-20 18:43,event,2019-08-20,10:00,Tuesday 8/20/19 DCR Universal Access program 10am-6pm has some reserved parking at the boat ramp.,https://twitter.com/waldenpondstate/status/1163884198027042816,1163884198027042816
2019-09-14 14:50,event,2019-09-14,15:00,TODAY - Saturday September 14 - Join Henry this afternoon for a juicy slice of melon at the Thoreau House replica from 1-3pm today. https://t.co/VvhXMOHBKc,https://twitter.com/waldenpondstate/status/1172885362756268033,1172885362756268033
2019-10-16 17:20,event,2019-10-20,14:00,"Sunday 10/20/19 1-2pm come listen to a Public Reading of Thoreau's essay, Wild Apples, at the Walden Pond Visitor Center! Program is free, parking fees apply. https://t.co/HsGXPOTnbn",https://twitter.com/waldenpondstate/status/1184519536088944641,1184519536088944641
2019-12-01 19:03,other,,,"Sunday 12/1 Boat Ramp closed for the winter season, reopening April 1, 2020 weather permitting",https://twitter.com/waldenpondstate/status/1201215193231040512,1201215193231040512
2019-12-28 21:10,event,,13:15,"Tomorrow's talk, ""Thoreau and the Railroad,"" by Corinne H. Smith is being moved to THOREAU FARM at 1:15pm.",https://twitter.com/waldenpondstate/status/1211031813197647872,1211031813197647872
2019-12-28 21:13,event,2019-12-29,13:15,"Tomorrow's talk,  ""Thoreau and the Railroad,"" by Corinne H. Smith is being moved to THOREAU FARM at 341 Virginia Road at 1:15pm, 12/29/2019.",https://twitter.com/waldenpondstate/status/1211032437016412160,1211032437016412160
2019-12-31 20:42,other,,14:00,"Walden's First Day Hike has been cancelled due to concerns about icy conditions. We will still have FREE PARKING, hot chocolate, and Henry David Thoreau (portrayed by R. Smith) speaking to people at the replica house from 12-2pm. Visitor Center will be 10am-4pm. Safe New Year's!",https://twitter.com/waldenpondstate/status/1212111801304915968,1212111801304915968
2020-01-19 17:06,event,2020-01-20,15:00,"SPECIAL EVENT - MLK DAY - Monday , January 20, 1-3pm. See a scene from ""The Night Thoreau Spent in Jail."" Join a panel led by Thoreau historian, Richard Smith and Nikki Turpin from the Robbins House,to discuss Thoreau’s essay, its influence on King &amp; current civil disobedience. https://t.co/biAaoE2Ecs",https://twitter.com/waldenpondstate/status/1218942875947479040,1218942875947479040
2020-02-07 19:27,event,2020-02-09,11:00,"SPECIAL EVENT-Sunday, February 9, 11am-1:30pm. Join us at Walden Pond Visitor Center to hear historian Dennis Picard speak about the ice trade in Thoreau's day. What did Thoreau say about the icemen who harvested at Walden? https://t.co/D69mjhn93l",https://twitter.com/waldenpondstate/status/1225863763347345409,1225863763347345409
2020-03-08 18:33,other,,,A friendly reminder dogs are prohibited year round at Walden Pond State Reservation... https://t.co/zWxqne9DZv,https://twitter.com/waldenpondstate/status/1236721809778782211,1236721809778782211
2020-03-14 23:59,other,,08:00,@mcbubblelife 8am-630pm,https://twitter.com/waldenpondstate/status/1238978143207198720,1238978143207198720
2020-03-16 23:25,event,,,@mcbubblelife This has changed. I do not know if official word is out but the department is closing bathrooms to help prevent the spread of COVID-19. Groups of well over 25 were congregating. Sorry I know this is not good news. We hope to be open as soon as possible. Walden still open 8a-630p,https://twitter.com/waldenpondstate/status/1239694269604134915,1239694269604134915
2020-03-26 18:01,event,,08:00,"Walden Pond visitor center &amp; public restrooms closed due to Covid-19. All programs &amp; events have been suspended. Park open 8am-6:30pm. Please obey all park rules. No dogs. Practice social distancing. Carry in, carry out, all trash. Thank you.",https://twitter.com/waldenpondstate/status/1243236644427268098,1243236644427268098
2020-04-04 17:09,other,,,@FstStangGt02 @MassDCR It’s open,https://twitter.com/waldenpondstate/status/1246484936212852737,1246484936212852737
2020-04-04 18:55,other,,,"@FstStangGt02 @MassDCR We were directed to open the gate today. The message will be updated sometime tomorrow, unless something changes.",https://twitter.com/waldenpondstate/status/1246511643032461312,1246511643032461312
2020-04-08 17:21,other,,,@HawkesElaine @MassDCR Dogs are allowed at most parks. There are select few which do not allow dogs on a regular basis. Walden does not allow dogs. Always check https://t.co/WJcIJ5tMCI before your visit to make sure the park you’re going to allows dogs...,https://twitter.com/waldenpondstate/status/1247937517652934663,1247937517652934663
2020-04-11 01:53,other,,,"In an effort to stop the spread of COVID-19 virus, Walden will be limiting capacity. Expect closures. DCR asks you to do YOUR part to keep parks open and safe for all visitors.  Follow rules/have a back up plan/ visit on non-peak times/ practice social distancing. https://t.co/iZyQ4Vb0R9",https://twitter.com/waldenpondstate/status/1248791220043776000,1248791220043776000
2020-04-27 15:58,other,,,"""Find a Park"" learn about visiting MA State Parks during COVID-19 situation https://t.co/JP85ohEamE",https://twitter.com/waldenpondstate/status/1254802050279518213,1254802050279518213
2020-05-10 16:01,other,,,"@triathaloon At the machine, you can buy 2020 voucher. It will be good indefinitely until VC reopens. Put voucher on dash.",https://twitter.com/waldenpondstate/status/1259513990809636864,1259513990809636864
2020-05-10 16:14,other,,,Please follow @MassDCR for updates regarding parking.,https://twitter.com/waldenpondstate/status/1259517120477528064,1259517120477528064
2020-05-10 16:50,other,2020-05-10,07:00,"As of May 10, Walden Pond is open from 7am-7:30pm. Boat ramp for visitors with boats open 5am-7:30pm. Parking fees are reinstated. Credit card only.",https://twitter.com/waldenpondstate/status/1259526358683844608,1259526358683844608
2020-06-08 18:39,other,,,Looking for a senior pass to DCR parks? Order by mail only. https://t.co/eNOp8d1ARN,https://twitter.com/waldenpondstate/status/1270062981947297793,1270062981947297793
2020-06-08 18:42,other,,,Here is how to purchase annual parking passes for DCR day use areas https://t.co/JbxT7C0CB6,https://twitter.com/waldenpondstate/status/1270063709847781380,1270063709847781380
2020-06-08 22:07,other,,,"If you got an annual pass, there should be an email confirmation. Print that, and display on dashboard",https://twitter.com/waldenpondstate/status/1270115277087391748,1270115277087391748
2020-06-08 23:44,other,,,@Ireps https://t.co/eNOp8d1ARN,https://twitter.com/waldenpondstate/status/1270139777292152834,1270139777292152834
2020-06-08 23:46,other,,,@gautier23 We will do our best to find out...,https://twitter.com/waldenpondstate/status/1270140086672330752,1270140086672330752
2020-06-08 23:51,other,,,@Ireps It’s by mail... I suggested using North Region office in Lowell. But you can mail a copy of ID and a $10 check to anyone of the addresses on the website.,https://twitter.com/waldenpondstate/status/1270141535674421248,1270141535674421248
2020-06-09 16:32,other,2020-06-22,05:00,"Beginning Monday, 6/22/20, Walden Pond will be opening at 5am Monday - Friday. On weekends will we continue to open at 7am. Closing time will still be 7:30pm.  The boat ramp automatically unlocks at 5am everyday. All cars must leave the boat ramp by 7:30pm.",https://twitter.com/waldenpondstate/status/1270393335761567747,1270393335761567747
2020-06-09 16:32,other,,,@malkajac Yes,https://twitter.com/waldenpondstate/status/1270393395769421824,1270393395769421824
2020-06-09 16:34,other,,,"@KesslerTarciana Exactly. The pass is good at most day use state parks, but pass holders are not exempt from park closures. Follow this account for closing and reopening info.",https://twitter.com/waldenpondstate/status/1270393793515261953,1270393793515261953
2020-06-09 16:36,other,,,"@gautier23 No official word, but our staff will use your written confirmation number as proof. We are not responsible for State Trooper’s citations. We will do our best to communicate to all detail officers in the park.",https://twitter.com/waldenpondstate/status/1270394426423115779,1270394426423115779
2020-06-22 10:23,other,,,"Reminder: Walden has to close for a number of hours when visitor capacity is reached. Always have a back up plan (another destination) in mind. Limiting capacity is the main way to manage, protect and restore this valuable resource. https://t.co/vKgUlFvSsH",https://twitter.com/waldenpondstate/status/1275011561774624769,1275011561774624769
2020-06-29 13:51,other,,,@runlindalam @Wynstaff There is an option to buy a second car pass for $25. That would mean it’s one placard that goes b/t two cars. For both cars to visit at one time you would need two annual passes.,https://twitter.com/waldenpondstate/status/1277600495503388674,1277600495503388674
2020-06-29 13:52,other,,,"@Axemen86 @MassDCR Yes, print out the email with the confirmation # on it. You can display that on dash.",https://twitter.com/waldenpondstate/status/1277600719906967558,1277600719906967558
2020-07-14 17:59,other,,,Walden Pond State Reservation: Woods Path and Thoreau house site closed during sustainable construction improvements for an accessible trail.,https://twitter.com/waldenpondstate/status/1283098923154931712,1283098923154931712
2020-07-20 16:44,other,,,REMINDER: Thoreau House Site &amp; Woods Path closed for accessibility improvements and erosion control. Click for details. https://t.co/pFibpKanf3,https://twitter.com/waldenpondstate/status/1285254145931464704,1285254145931464704
2020-07-21 15:26,other,,,Not for the night. For at least several hours.,https://twitter.com/waldenpondstate/status/1285596936196718593,1285596936196718593
2020-07-21 17:07,other,,,"For more information about the park, call 978-369-3254.",https://twitter.com/waldenpondstate/status/1285622405302550529,1285622405302550529
2020-08-04 14:08,other,2020-08-04,15:00,"Due to the forecasted trajectory of Tropical Storm Isaias, Walden Pond will close today, August 4, at 3:00pm. No one will be allowed in for the rest of the evening. Please stay home and stay safe.",https://twitter.com/waldenpondstate/status/1290650789858496513,1290650789858496513
2020-08-30 16:33,other,,,Just a reminder.,https://twitter.com/waldenpondstate/status/1300109309595078656,1300109309595078656
2020-09-07 20:54,other,,,9/7-We will not reopen tonight.,https://twitter.com/waldenpondstate/status/1303074100898824193,1303074100898824193
2020-09-10 11:51,other,2020-09-13,18:30,"Beginning Sunday, September 13th, Walden will be closing for the night at 6:30pm. Opening will stay the same, 5am on weekdays and 7am on weekends, until next week. Beginning Monday, September 21st, operating hours will be 7am to 6:30pm everyday. Boatramp still auto-unlocks at 5am",https://twitter.com/waldenpondstate/status/1304024601534574592,1304024601534574592
2020-09-11 20:34,event,,,"GIRL SCOUT WEEKEND - Sept. 12 - 13, 2020 -  Girls and families are  invited to explore their natural resources . Engage “virtually”  with state park interpreters, and celebrate their love of the outdoors. See information in flyer to view videos, explore nature and earn badges. https://t.co/fBzJcKrlYF",https://twitter.com/waldenpondstate/status/1304518788424126469,1304518788424126469
2020-09-18 15:32,other,2020-09-21,07:00,"Beginning Monday, September 21st, Walden Pond will be opening at 7am everyday. Closing time is still 6:30pm. The boat ramp will still automatically unlock for boaters at 5am.",https://twitter.com/waldenpondstate/status/1306979361367691267,1306979361367691267
2020-10-02 16:30,other,2020-10-04,18:00,"Beginning Sunday, October 4th, Walden Pond will be closing at 6pm everyday. Opening time is still 7am. The boat ramp will still automatically unlock for boaters at 5am.",https://twitter.com/waldenpondstate/status/1312067566500745226,1312067566500745226
2020-10-04 13:22,other,2020-10-04,18:00,"Beginning Sunday, October 4th, 2020 Walden Pond will be closing at 6pm everyday. Opening time is 7am. The boat ramp will automatically unlock for boaters at 5am.",https://twitter.com/waldenpondstate/status/1312744876749066240,1312744876749066240
2020-10-15 23:56,other,2020-10-18,17:30,"Beginning Sunday, October 18th, 2020 Walden Pond will be closing at 5:30pm everyday. Opening time is 7am. The boat ramp will automatically unlock for boaters at 5am.",https://twitter.com/waldenpondstate/status/1316890799615971333,1316890799615971333
2020-10-18 13:38,other,2020-10-18,17:30,"Beginning Sunday, October 18th, 2020 Walden Pond will be closing at 5:30pm everyday. Opening time is 7am. The boat ramp will automatically unlock for boaters at 5am.",https://twitter.com/waldenpondstate/status/1317822432401555456,1317822432401555456
2020-10-22 23:39,other,2020-10-25,08:00,"Starting Sunday, Oct. 25 Walden Pond will open at 8am. Closing Hours remain the same  (5:30pm)",https://twitter.com/waldenpondstate/status/1319423047246499840,1319423047246499840
2020-10-25 20:39,other,2020-12-01,,@FstStangGt02 Yes until Dec. 1 if weather allows...,https://twitter.com/waldenpondstate/status/1320464985160585216,1320464985160585216
2020-10-25 20:39,other,,,@kerendg Nice 📸,https://twitter.com/waldenpondstate/status/1320465060192542722,1320465060192542722
2020-11-07 20:29,other,,,This is a reminder to follow Mass DCR @MassDCR for capacity closures this Fall/Winter at Walden and other state parks. The official DCR Community Relations: 617-626-4973.,https://twitter.com/waldenpondstate/status/1325173543332667397,1325173543332667397
2020-11-13 00:06,other,,,Masks required in all public areas #maskupma,https://twitter.com/waldenpondstate/status/1327040182592413703,1327040182592413703
2021-01-31 16:13,other,2021-01-31,08:00,"Beginning Sunday, January 31, Park hours are 8am to 5pm daily. Public restrooms open 8am to 5pm daily.",https://twitter.com/waldenpondstate/status/1355912067451138050,1355912067451138050
2021-02-01 02:02,other,,,https://t.co/rtPlZcDynH,https://twitter.com/waldenpondstate/status/1356060365201829893,1356060365201829893
2021-03-14 18:12,other,,,@juliettekayyem Nice 📸!,https://twitter.com/waldenpondstate/status/1371162252481531905,1371162252481531905
2021-04-04 13:55,other,,05:00,The Boat Ramp opens automatically at 5am and is locked at 6:30pm daily.,https://twitter.com/waldenpondstate/status/1378707737207508993,1378707737207508993
2021-04-08 21:22,other,2021-04-11,07:00,"⏳Hours of operation update!⌛️
Beginning Sunday, April 11th 2021 Walden Pond State Reservation will open daily from 7am to 7pm. The boat ramp gate will continue to unlock automatically for boaters at 5am and will be shut for the night at 7pm. Follow for seasonal hours changes.",https://twitter.com/waldenpondstate/status/1380269948031893504,1380269948031893504
2021-04-09 19:38,other,,,@marlow_shelley When we reach visitor capacity this Twitter will be updated in real time.,https://twitter.com/waldenpondstate/status/1380606147544121344,1380606147544121344
2021-04-25 16:54,other,2021-04-25,07:00,"⏳Hours of operation update!⌛️
Beginning Sunday, April 25th 2021 Walden Pond State Reservation will open daily from 7am to 730pm. The boat ramp gate will still unlock automatically for boaters at 5am and will be shut for the night at 730pm. Follow for seasonal hours changes.",https://twitter.com/waldenpondstate/status/1386362951213453314,1386362951213453314
2021-05-30 23:31,other,2021-05-31,05:00,"Beginning Monday, 5/31/21, Walden Pond will be opening at 5am Monday - Friday. On weekends will we continue to open at 7am. Closing time will still be 7:30pm.  The boat ramp automatically unlocks at 5am everyday. All cars must leave the boat ramp by 7:30pm.",https://twitter.com/waldenpondstate/status/1399146536571912193,1399146536571912193
2021-06-24 00:12,other,,,@Barbara1313 Pine pollen decomposing.,https://twitter.com/waldenpondstate/status/1407854001685737473,1407854001685737473
2021-06-24 00:13,other,,,"@DoctorOctothorp Sorry for the late reply, they’re open",https://twitter.com/waldenpondstate/status/1407854364149096451,1407854364149096451
2021-06-27 22:07,other,2021-06-27,,We meant June 27…,https://twitter.com/waldenpondstate/status/1409272156442312704,1409272156442312704
2021-06-30 22:55,other,2021-06-30,,*WED June 30,https://twitter.com/waldenpondstate/status/1410371482124001281,1410371482124001281
2021-07-02 00:57,other,,,@JillybeanP_93 Yes crayfish are native and a good sign for water quality,https://twitter.com/waldenpondstate/status/1410764547766505486,1410764547766505486
2021-07-02 12:40,other,,,https://t.co/vqT7eBoBA1,https://twitter.com/waldenpondstate/status/1410941343711612928,1410941343711612928
2021-07-02 12:50,other,,,https://t.co/dPrN6R4Thm,https://twitter.com/waldenpondstate/status/1410943909581238273,1410943909581238273
2021-07-07 23:44,other,,,@Ertischek #thisistheway,https://twitter.com/waldenpondstate/status/1412920595432493066,1412920595432493066
2021-07-08 12:16,event,2021-07-08,09:00,"THURS, July 8 from 9am-5pm - PUBLIC NOTICE - Universal Access program has some reserved parking at the boat ramp.",https://twitter.com/waldenpondstate/status/1413109789106782210,1413109789106782210
2021-07-08 18:31,other,2021-07-09,10:00,"Starting July 9, 2021 - Swimming is not allowed outside the area designated by ropes and buoys from 10am-6pm daily, while lifeguards are on duty. OPEN WATER SWIM HOURS: M-F 5am-10am &amp; 6pm- posted in gate closure time. Weekends 7am-10am &amp; 6pmposted in gate closure time.",https://twitter.com/waldenpondstate/status/1413204031091183616,1413204031091183616
2021-07-15 11:49,event,2021-07-15,09:00,"THURS, July 15 from 9am-5pm - PUBLIC NOTICE - Universal Access program has some reserved parking at the boat ramp.",https://twitter.com/waldenpondstate/status/1415639703877980161,1415639703877980161
2021-07-22 12:09,event,2021-07-22,09:00,"THURS, July 22 from 9am-5pm - PUBLIC NOTICE - Universal Access program has some reserved parking at the boat ramp.",https://twitter.com/waldenpondstate/status/1418181483328573440,1418181483328573440
2021-07-29 13:16,event,2021-07-29,09:00,"THURS, July 29 from 9am-5pm - PUBLIC NOTICE - Universal Access program has some reserved parking at the boat ramp.",https://twitter.com/waldenpondstate/status/1420734865142689801,1420734865142689801
2021-08-03 12:43,event,2021-08-03,10:00,"TUESDAY, August 3rd from 10am-4pm - PUBLIC NOTICE - Universal Access program has some reserved parking at the boat ramp.",https://twitter.com/waldenpondstate/status/1422538506077880325,1422538506077880325
2021-08-10 11:53,event,2021-08-10,09:00,"TUESDAY, August 10 from 9am-4pm - PUBLIC NOTICE - Universal Access program has some reserved parking at the boat ramp.",https://twitter.com/waldenpondstate/status/1425062630968991754,1425062630968991754
2021-08-13 15:13,other,,,"So sorry our phone lines are down, but we will tweet reopening.",https://twitter.com/waldenpondstate/status/1426200273391849483,1426200273391849483
2021-08-16 19:59,event,2021-08-17,09:00,"TUESDAY, August 17 from 9am-4pm - PUBLIC NOTICE - Universal Access program has some reserved parking at the boat ramp.",https://twitter.com/waldenpondstate/status/1427359333189361668,1427359333189361668
2021-08-22 11:18,other,,,https://t.co/wMZ6O4nU8D,https://twitter.com/waldenpondstate/status/1429402470288175105,1429402470288175105
2021-08-24 12:47,event,2021-08-24,09:00,"TUESDAY, August 24 from 9am-4pm - PUBLIC NOTICE - Universal Access program has reserved parking at the boat ramp. 12pm to 4pm almost all parking at the boat ramp reserved.",https://twitter.com/waldenpondstate/status/1430149776327299086,1430149776327299086
2021-08-30 17:10,event,,09:00,"NO BOAT RAMP PARKING from 9am-5pm on Tuesday August 31, 2021 during Universal Access program. BOAT DROP-OFFS ONLY. Park in main parking lot.",https://twitter.com/waldenpondstate/status/1432390304473169922,1432390304473169922
2021-08-31 12:14,event,,09:00,"NO BOAT RAMP PARKING from 9am-5pm on Tuesday August 31, 2021 during Universal Access program. BOAT DROP-OFFS ONLY. Park in main parking lot.",https://twitter.com/waldenpondstate/status/1432678273163710471,1432678273163710471
2021-09-04 10:53,other,,,@wogga They’re on duty until Monday 9/6. Then follow for operating hours update.,https://twitter.com/waldenpondstate/status/1434107444066668544,1434107444066668544
2021-09-10 20:41,other,2021-09-12,18:30,"⏳Hours of operation update!⌛️
Beginning Sunday, September 12th 2021 Walden Pond State Reservation will close daily at 6:30pm. Opening hours remain the same.",https://twitter.com/waldenpondstate/status/1436429743855968286,1436429743855968286
2021-09-11 21:03,other,2021-09-12,18:30,"Beginning Sunday, September 12th 2021 Walden Pond State Reservation will close daily at 6:30pm. Opening hours remain the same.",https://twitter.com/waldenpondstate/status/1436797572467896323,1436797572467896323
2021-09-13 16:12,other,2021-09-15,,"Starting 9/15/21 all boaters on the water must wear a Personal Flotation Device (PFD), per MA Boating Law. A swim buoy is not a PFD.",https://twitter.com/waldenpondstate/status/1437449157149593602,1437449157149593602
2021-09-15 17:45,other,2021-09-20,07:00,"Beginning Monday, September 20th, Walden Pond will be opening at 7am everyday. Closing time is still 6:30pm. The boat ramp will still automatically unlock for boaters at 5am.",https://twitter.com/waldenpondstate/status/1438197203152027662,1438197203152027662
2021-09-19 18:08,other,2021-09-15,,"Attention Stand-up Paddle Board Users: a paddle board is considered a boat/vessel. Starting 9/15/21 all boaters (including Stand-up Paddle Board users) on the water must wear a Personal Flotation Device (PFD), per MA Boating Law. A swim buoy is not a PFD.",https://twitter.com/waldenpondstate/status/1439652525314121731,1439652525314121731
2021-09-25 19:33,other,,07:00,"At this time, Walden Pond State Reservation is open daily from 7am until 6:30pm.",https://twitter.com/waldenpondstate/status/1441848366388944910,1441848366388944910
2021-10-08 19:44,other,2021-10-17,17:30,"Starting October 17, Walden Pond State Reservation will be closing at 5:30pm with the out-gate locked by 6pm.",https://twitter.com/waldenpondstate/status/1446562175305322520,1446562175305322520
2021-10-16 23:01,other,2021-10-17,17:30,"Starting tomorrow (Sunday, Oct. 17), Walden Pond State Reservation will be closing at 5:30pm with the out-gate locked by 6pm. Open time remains 7am.",https://twitter.com/waldenpondstate/status/1449510869432422405,1449510869432422405
2021-11-10 19:40,other,,,"In honor of Veterans Day, parking fees are waved on Thursday Nov, 11",https://twitter.com/waldenpondstate/status/1458519977196130310,1458519977196130310
2022-01-16 16:17,other,2022-01-17,14:00,"On MON Jan 17, in honor of MLK, meet historian Richard Smith &amp; Nikki Turpin of the Robbins House African American Museum, online for a virtual conversation on Thoreau’s night in jail &amp;  essay Civil Disobedience.
TIME: 1-2pm
https://t.co/BmjlS65aDE
ID: 938 7599 8147
Pass: 0J5cPP https://t.co/aRjelCnaW3",https://twitter.com/waldenpondstate/status/1482748977229570049,1482748977229570049
2022-04-01 16:03,other,,05:00,The Boat Ramp opens automatically at 5am and is locked at 6:30pm daily.,https://twitter.com/waldenpondstate/status/1509924521943441409,1509924521943441409
2022-04-03 14:50,other,,,Parking reserved for boats and handicapped license plate or placard only. All other will be cited/ towed.,https://twitter.com/waldenpondstate/status/1510630785900027907,1510630785900027907
2022-05-20 18:02,event,,,"The ""Birds of Prey"" program by wildlife rehabilitator Tom Ricardi has been postponed due to extreme heat. Please expect swim crowds this weekend. Check here or 978-369-3254 for updates on capacity closures.",https://twitter.com/waldenpondstate/status/1527711280685010946,1527711280685010946
2022-05-26 14:08,other,2021-05-29,05:00,"Beginning Sunday, 5/29/21, Walden Pond will be opening at 5am Sunday - Saturday. Closing time will still be 7:30pm. The boat ramp automatically unlocks at 5am everyday. All cars must leave the boat ramp by 7:30pm.",https://twitter.com/waldenpondstate/status/1529826834707144704,1529826834707144704
2022-05-28 21:23,other,2022-05-29,10:00,"Starting SUN May 29, 2022 - Swimming is NOT allowed outside the area designated by ropes &amp; buoys from 10am-6pm daily, while lifeguards are on duty. OPEN WATER SWIM HOURS: Daily 5am-10am &amp; 6pm-7:30pm. Open water swimmers must use a swim buoy &amp; enter/exit the pond at the OWS lane.",https://twitter.com/waldenpondstate/status/1530661185216987136,1530661185216987136
2022-06-09 19:23,other,,,"""A lake is the landscape’s most beautiful and expressive feature. It is earth’s eye; looking into which the beholder measures the depth of his own nature"". -Henry David Thoreau, 1854.",https://twitter.com/waldenpondstate/status/1534979430187147264,1534979430187147264
2022-06-12 10:10,other,,,"NOTICE: Walden Pond main beach is posted. Weekly water quality test failed, high bacteria count, swimming may cause illness.",https://twitter.com/waldenpondstate/status/1535927613964812289,1535927613964812289
2022-06-13 15:25,other,,11:00,We are hosting a DCR job fair at the Walden visitor center tomorrow from 11am-2pm.,https://twitter.com/waldenpondstate/status/1536369125106274305,1536369125106274305
2022-06-15 18:54,other,,,NOTICE: Walden Main Beach and Red Cross Beach has passed water quality test.,https://twitter.com/waldenpondstate/status/1537146527151443970,1537146527151443970
2022-06-26 11:21,other,,05:00,Correction. The park opens at 5am Sun-Sat,https://twitter.com/waldenpondstate/status/1541018841672720384,1541018841672720384
2022-07-03 20:56,other,,05:00,@AlineGeopolitic 5am,https://twitter.com/waldenpondstate/status/1543700212392271874,1543700212392271874
2022-07-06 18:08,other,,,https://t.co/OErQHZ6abB,https://twitter.com/waldenpondstate/status/1544745213838495744,1544745213838495744
2022-07-15 22:19,other,,,https://t.co/ByUL1DKOKW,https://twitter.com/waldenpondstate/status/1548069674092441601,1548069674092441601
2022-07-22 21:23,other,,,https://t.co/ByUL1E2q9w,https://twitter.com/waldenpondstate/status/1550592307195527169,1550592307195527169
2022-08-01 22:25,other,2022-08-02,09:00,"Tuesday, August 2, 9AM-5PM. BOAT RAMP ADVISORY: There will be limited parking at the Walden Boat Ramp for Accessible Kayaking offered by our partner Waypoint Adventure. Other dates: August 9, August 16, August 23, and August 30. Please plan accordingly.",https://twitter.com/waldenpondstate/status/1554231933252640768,1554231933252640768
2022-08-06 18:38,other,2022-08-06,14:33,"August 6, 2022. 2:33pm. No swimming for the next 30 minutes due to a thunder storm warning.",https://twitter.com/waldenpondstate/status/1555986600374550529,1555986600374550529
2022-08-06 19:13,other,2022-08-06,15:13,"August 6, 2022 3:13pm No swimming at Walden for the next 30 minutes due to thunderstorm warning.",https://twitter.com/waldenpondstate/status/1555995473646952449,1555995473646952449
2022-08-19 19:35,other,2022-08-19,,8/19/22 - NOTICE: Walden Main Beach has passed water quality test.,https://twitter.com/waldenpondstate/status/1560712031480725505,1560712031480725505
2022-09-08 10:19,other,2022-09-11,18:30,"Beginning Sunday, September 11th 2022 Walden Pond State Reservation will close daily at 6:30pm. Opening hours remain the same.",https://twitter.com/waldenpondstate/status/1567819903079415809,1567819903079415809
2022-09-24 20:44,other,2022-10-16,,"Birds of Prey with Tom Ricardi has been rescheduled for Sunday, October 16. Sorry for any inconvenience. https://t.co/QYDn99kHkS",https://twitter.com/waldenpondstate/status/1573775475775881216,1573775475775881216
2022-10-03 11:53,other,2022-10-09,07:00,"Beginning Sunday, October 9th, Walden Pond will be opening at 7am everyday. Closing time is still 6:30pm. The boat ramp will still automatically unlock for boaters at 5am.",https://twitter.com/waldenpondstate/status/1576903269833592842,1576903269833592842
2022-10-08 16:15,other,,13:00,"Public Reading of Wild Apples, tomorrow. 1pm in the Walden Pond Visitor Center. Regular parking fees apply. https://t.co/qoTun0RwhU",https://twitter.com/waldenpondstate/status/1578781056727408640,1578781056727408640
2022-10-10 13:05,other,2022-10-16,17:30,"Starting  Sunday, Oct. 16th Walden Pond State Reservation will be closing at 5:30pm with the out-gate locked by 6pm. Open time remains 7am.",https://twitter.com/waldenpondstate/status/1579458149547118592,1579458149547118592
2022-10-14 17:50,other,,,Tomorrow at Noon. Autumnal Tints lecture and walk. https://t.co/WbXwu7hkjB,https://twitter.com/waldenpondstate/status/1580979487378132994,1580979487378132994
2022-10-15 21:59,other,2022-10-16,13:00,"Birds of Prey, Sunday, October 16, 2022 at 1pm! https://t.co/vMAFKBNYPb",https://twitter.com/waldenpondstate/status/1581404345350119424,1581404345350119424
2022-10-16 15:38,other,2022-10-16,17:30,"Starting Today Sunday, Oct. 16th Walden Pond State Reservation will be closing at 5:30pm with the out-gate locked by 6pm. Open time remains 7am.",https://twitter.com/waldenpondstate/status/1581670842173313024,1581670842173313024
2022-11-05 18:17,other,2022-11-06,07:00,"Starting Sunday, November 6, 2022, Walden Pond hours will be 7am-4pm. Please make a note of it. Gates lock at 4:30pm.",https://twitter.com/waldenpondstate/status/1588958695924596738,1588958695924596738
2022-12-09 16:51,event,2022-12-11,13:00,"It shrieks! It bellows smoke! It rides upon us! Join Corinne H. Smith as explores the complex relationship between Henry David Thoreau and the railroad. This event is free &amp; open to the public, Sun., Dec. 11, at 1 pm at Walden Pond Visitor Center. Regular parking fees apply. https://t.co/Fn69UcSPTu",https://twitter.com/waldenpondstate/status/1601258360590172160,1601258360590172160
2022-12-14 16:55,event,2023-01-01,,"Join our First Day Hike on January 1, 2023! https://t.co/nIAwdKiA3x",https://twitter.com/waldenpondstate/status/1603071191975075841,1603071191975075841
2023-01-24 20:13,other,2023-01-29,07:00,"Hours of operation update:
Beginning Sunday, January 29th 2023 Walden Pond State Reservation will be open daily from 7am to 5pm. Parking fees charged year round. No pets. Follow for seasonal hours changes.",https://twitter.com/waldenpondstate/status/1617978955415556096,1617978955415556096
2023-01-28 16:10,other,2023-01-29,07:00,"Hours of operation update:
Beginning Sunday, January 29th 2023 Walden Pond State Reservation will be open daily from 7am to 5pm. Parking fees charged year round. No pets. Follow for seasonal hours changes.",https://twitter.com/waldenpondstate/status/1619367352650600453,1619367352650600453
2023-03-12 11:45,other,2023-03-12,07:00,"Hours of operation update:
Beginning Sunday, March 12th 2023 Walden Pond State Reservation will be open daily from 7am to 6:30pm. Parking fees charged year round. No pets. Follow for seasonal hours changes.",https://twitter.com/waldenpondstate/status/1634883303944912902,1634883303944912902
2023-03-31 21:46,other,,05:00,"Boat Ramp opens for the season tomorrow, 5am-6:30pm. Parking at the boat ramp is for people with boats and disability placards only.",https://twitter.com/waldenpondstate/status/1641919967380504577,1641919967380504577
2023-03-31 21:48,event,2023-04-16,13:00,"Join us Sunday, April 16 at 1:00pm. https://t.co/lfbu9fA4HH",https://twitter.com/waldenpondstate/status/1641920461666676736,1641920461666676736
2023-04-10 11:47,other,2023-04-09,07:00,"Hours of operation update: as of Sunday, 
April 9th 2023 Walden Pond State Reservation is open daily from 7am to 7:30pm. Parking fees charged year round. No pets. Follow for seasonal hours changes.",https://twitter.com/waldenpondstate/status/1645392955249754113,1645392955249754113
2023-04-26 20:54,other,2023-05-13,,"On May 13, you can bird Walden with Peter Alden. Regular Parking fees apply. https://t.co/cnAMtTDwhl",https://twitter.com/waldenpondstate/status/1651328855456489472,1651328855456489472
2023-07-12 15:30,other,,,"https://t.co/jHLHePDlLj
DCR Park Alerts
The DCR Park Closure and Advisory dashboard presents the most up to date method for keeping up with parking closures that are activated at some of our more popular parks due to parking capacity....",https://twitter.com/waldenpondstate/status/1679151221150547969,1679151221150547969
2023-07-12 21:17,other,2023-07-13,09:00,"Thursday, July 13th, the Boat Ramp at Walden Pond will host accessible kayaking with Waypoint Adventure. Parking at the boat ramp will be extremely limited between 9am-5pm. Be prepared to drop off your boat and move your car to the Main Lot.",https://twitter.com/waldenpondstate/status/1679238642802237444,1679238642802237444
2023-07-15 20:31,other,,,https://t.co/ByUL1E2q9w,https://twitter.com/waldenpondstate/status/1680314229172187136,1680314229172187136
2023-07-15 21:06,other,,,"However, the Thoreau Society Shop is closed for the evening due to the Annual Gathering of the Thoreau Society.",https://twitter.com/waldenpondstate/status/1680323081200336899,1680323081200336899
2023-07-19 13:26,other,2023-07-20,09:00,"Tomorrow Thursday, July 20th, the Boat Ramp at Walden Pond will host accessible kayaking with Waypoint Adventure. Parking at the boat ramp will be EXTREMELY limited between 9am-5pm. Be prepared to drop off your boat and move your car to the Main Lot.",https://twitter.com/waldenpondstate/status/1681656824003457027,1681656824003457027
2023-07-20 11:59,other,2023-07-20,09:00,"Today Thursday, July 20th, the Boat Ramp at Walden Pond will host accessible kayaking with Waypoint Adventure. Parking at the boat ramp will be EXTREMELY limited between 9am-5pm. Be prepared to drop off your boat and move your car to the Main Lot.",https://twitter.com/waldenpondstate/status/1681997285947736064,1681997285947736064
2023-07-22 16:16,other,,,https://t.co/ByUL1E2q9w,https://twitter.com/waldenpondstate/status/1682786605877063683,1682786605877063683
2023-07-22 17:11,other,,,https://t.co/ByUL1E2q9w,https://twitter.com/waldenpondstate/status/1682800587073527810,1682800587073527810
2023-07-26 15:03,other,2023-07-27,09:00,"Tomorrow Thursday, July 27th, the Boat Ramp at Walden Pond will host accessible kayaking with Waypoint Adventure. Parking at the boat ramp will be EXTREMELY limited between 9am-5pm. Be prepared to drop off your boat and move your car to the Main Lot.",https://twitter.com/waldenpondstate/status/1684217951480696832,1684217951480696832
2023-07-27 12:03,other,2023-07-27,09:00,"Today Thursday, July 27th, the Boat Ramp at Walden Pond will host accessible kayaking with Waypoint Adventure. Parking at the boat ramp will be EXTREMELY limited between 9am-5pm. Be prepared to drop off your boat and move your car to the Main Lot.",https://twitter.com/waldenpondstate/status/1684534948647120896,1684534948647120896
2023-07-28 14:43,other,,,https://t.co/ByUL1E2q9w,https://twitter.com/waldenpondstate/status/1684937702200713216,1684937702200713216
2023-07-31 16:35,other,2023-08-01,09:00,"Tomorrow Tuesday, August 1st, the Boat Ramp at Walden Pond will host accessible kayaking with Waypoint Adventure. Parking at the boat ramp will be EXTREMELY limited between 9am-5pm. Be prepared to drop off your boat and move your car to the Main Lot.",https://twitter.com/waldenpondstate/status/1686052942686646272,1686052942686646272
2023-08-01 12:19,other,2023-08-01,09:00,"Today, Tuesday, August 1st, the Boat Ramp at Walden Pond will host accessible kayaking with Waypoint Adventure. Parking at the boat ramp will be EXTREMELY limited between 9am-5pm. Be prepared to drop off your boat and move your car to the Main Lot.",https://twitter.com/waldenpondstate/status/1686351025890885632,1686351025890885632
2023-08-05 18:53,other,,,Oops. That was Saturday!!!,https://twitter.com/waldenpondstate/status/1687899526743429120,1687899526743429120
2023-08-08 15:35,event,2023-08-15,13:00,"Join us Tuesday, August 15, at 1pm in the Visitor Center for a discussion of Thoreau's commitment to the antislavery movement after his night in jail. All are welcome. https://t.co/XaLF69PQe5",https://twitter.com/waldenpondstate/status/1688937013762826241,1688937013762826241
2023-08-08 18:05,other,2023-08-08,,"Today, Tuesday, August 8, the Boat Ramp at Walden Pond is closed for the day. Recent storms have caused wash-out that requires repair. We have listed it on DCR Park Alerts as an advisory until fixed. https://t.co/ByUL1E2q9w",https://twitter.com/waldenpondstate/status/1688974616738336777,1688974616738336777
2023-08-10 17:38,other,,,"Due to elevated bacterial levels in recent sample, a No Swimming warning has been issued at Walden Pond Main Beach. The warning will remain in effect until subsequent sample results return to safe recreational water standards.",https://twitter.com/waldenpondstate/status/1689692753360269312,1689692753360269312
2023-08-10 21:51,other,,,https://t.co/nNfcjcaGyL,https://twitter.com/waldenpondstate/status/1689756424035762176,1689756424035762176
2023-08-10 21:54,other,,,"Click on Interactive Beach Water Quality, ""See Test Results,"" then scroll down to Concord and click on Walden Pond-Main Beach to see the results.",https://twitter.com/waldenpondstate/status/1689757018129678336,1689757018129678336
2023-08-10 21:57,other,,,"Due to elevated bacterial levels in recent sample, a No-Swim warning has been issued at Walden Pond Main Beach. The warning will remain in effect until sample results return to safe water standards. Click test results, Concord-Walden Pond-Main Beach. https://t.co/nNfcjcaGyL",https://twitter.com/waldenpondstate/status/1689757842532638720,1689757842532638720
2023-08-11 18:09,other,,09:30,"The no-swim warning for Main Beach has been lifted. Recent sample results meet water quality standards. DCR Park Alerts is updated but the Interactive Beach Water Quality Dashboard will not be updated until 9:30am.  https://t.co/ByUL1E2q9w
Click on ""Water Quality Postings"" tab.",https://twitter.com/waldenpondstate/status/1690062791535702016,1690062791535702016
2023-08-14 12:40,other,2023-08-15,09:00,"Tomorrow Tuesday, August 15th, the Boat Ramp at Walden Pond will host accessible kayaking with Waypoint Adventure. Parking at the boat ramp will be EXTREMELY limited between 9am-5pm. Be prepared to drop off your boat and move your car to the Main Lot.",https://twitter.com/waldenpondstate/status/1691067301171269632,1691067301171269632
2023-08-15 13:00,other,2023-08-15,13:00,"Today Tuesday, August 15th, the Boat Ramp at Walden Pond will host accessible kayaking with Waypoint Adventure. Parking at the boat ramp will be EXTREMELY limited between 1pm-4pm. Be prepared to drop off your boat and move your car to the Main Lot.",https://twitter.com/waldenpondstate/status/1691434597840486402,1691434597840486402
2023-08-15 13:10,event,2023-08-15,13:00,"Join us TODAY Tuesday, August 15, at 1pm in the Visitor Center for a discussion of Thoreau's commitment to the antislavery movement after his night in jail. All are welcome!! https://t.co/byvRHq4016",https://twitter.com/waldenpondstate/status/1691437115240755201,1691437115240755201
2023-08-21 17:58,other,2023-08-22,09:00,"Tomorrow Tuesday August 22nd, the Boat Ramp at Walden Pond will host accessible kayaking with Waypoint Adventure. Parking at the boat ramp will be EXTREMELY limited between 9am-5pm. Be prepared to drop off your boat and move your car to the Main Lot.",https://twitter.com/waldenpondstate/status/1693683969953259564,1693683969953259564
2023-08-22 13:21,other,2023-08-22,09:00,"Today Tuesday August 22nd, the Boat Ramp at Walden Pond will host accessible kayaking with Waypoint Adventure. Parking at the boat ramp will be EXTREMELY limited between 9am-5pm. Be prepared to drop off your boat and move your car to the Main Lot.",https://twitter.com/waldenpondstate/status/1693976566299029606,1693976566299029606
2023-08-28 12:54,other,2023-08-29,09:00,"Tomorrow Tuesday August 29th, the Boat Ramp at Walden Pond will host accessible kayaking with Waypoint Adventure. Parking at the boat ramp will be EXTREMELY limited between 9am-5pm. Be prepared to drop off your boat and move your car to the Main Lot.",https://twitter.com/waldenpondstate/status/1696144267104641149,1696144267104641149
2023-08-29 12:34,other,2023-08-29,09:00,"Today Tuesday August 29th, the Boat Ramp at Walden Pond will host accessible kayaking with Waypoint Adventure. Parking at the boat ramp will be EXTREMELY limited between 9am-5pm. Be prepared to drop off your boat and move your car to the Main Lot.",https://twitter.com/waldenpondstate/status/1696501634921103427,1696501634921103427
2023-09-09 17:06,other,2023-09-10,05:00,"Starting Sunday, September 10, 2023: Park hours change to 5AM-6:30PM, every day. Bath house open 5am-5pm. No parking fee this weekend (Sept. 9-10). https://t.co/RDMp6vbe1I",https://twitter.com/waldenpondstate/status/1700556331906674879,1700556331906674879
2023-09-14 20:21,other,2023-09-15,,"Starting Friday, September 15, to Wednesday, May 15, all persons on board all water vessels, including paddle boards, must wear a USCG-approved wearable PFD (life jacket) or Type 1, II, or III PFD at all times. https://t.co/z8hcoxMwbq",https://twitter.com/waldenpondstate/status/1702417259598131374,1702417259598131374
2023-09-23 14:29,other,2023-09-24,13:00,"In honor of the beginning of Fall, we will be reading HD Thoreau's essay ""Wild Apples"" aloud at the Walden Pond Visitor Center at 1pm on Sunday, September 24. Rain or shine. Apples will be provided. https://t.co/PdRsRFuTUE",https://twitter.com/waldenpondstate/status/1705590187932217617,1705590187932217617
2023-09-25 18:59,other,2023-10-15,,"Come meet wildlife rehabilitator Tom Ricardi and his live eagles, falcons, hawks, and owls! Oct 15 1-3. Free and open to all (regular parking fees apply; $5 suggested donation). https://t.co/OnW9UBGqnF",https://twitter.com/waldenpondstate/status/1706382913145536884,1706382913145536884
2023-10-05 11:24,other,2023-10-08,07:00,"Starting Sunday October 8th, Walden Pond State Reservation will be opening at 7am. The boat ramp will automatically open at 5am for boating use only. Parking along RTE126 is prohibited.",https://twitter.com/waldenpondstate/status/1709892354004422795,1709892354004422795
2023-10-10 14:30,other,,07:00,"Walden Pond State Reservation now opens at 7am. The boat ramp will automatically open at 5am for boating use only. The Bathhouse is CLOSED for the season.
Bathrooms in the Visitor Center open 7am-6:30pm.",https://twitter.com/waldenpondstate/status/1711751011981726040,1711751011981726040
2023-10-10 16:20,other,,,@TownofConcordMA 2023,https://twitter.com/waldenpondstate/status/1711778763154096298,1711778763154096298
2023-10-12 11:54,other,2023-10-15,07:00,"Hours of operation update: Beginning Sunday, October 15th 2023 Walden Pond State Reservation will be open daily from 7am to 5:30pm. Parking fees charged year round. No pets. Follow for seasonal hours changes.",https://twitter.com/waldenpondstate/status/1712436539710484483,1712436539710484483
2023-10-15 11:40,other,,,TODAY!,https://twitter.com/waldenpondstate/status/1713520131748290788,1713520131748290788
2023-10-16 18:04,other,,,"This Sunday 10/22, come admire our foliage and chat with Henry David Thoreau (portrayed by Richard Smith) at the house replica, followed by a saunter with him through the woods. https://t.co/dinOwakDaJ",https://twitter.com/waldenpondstate/status/1713979288121143767,1713979288121143767
2023-10-28 18:06,other,,,https://t.co/ByUL1E2q9w,https://twitter.com/waldenpondstate/status/1718328478074798393,1718328478074798393
2023-10-28 19:47,other,,,https://t.co/ByUL1E2q9w,https://twitter.com/waldenpondstate/status/1718353899608830424,1718353899608830424
2023-11-01 15:18,other,2023-11-01,10:00,"Today, November 1st, 2023 the Walden Pond Visitor Center will be switching to our winter hours. We will be open DAILY 10AM-3PM until April/May.",https://twitter.com/waldenpondstate/status/1719735792182902790,1719735792182902790
2023-11-05 12:18,other,2023-11-05,07:00,"Hours of operation update: Beginning Sunday, November 5th 2023 Walden Pond State Reservation will be open daily from 7am to 4:00pm. Parking fees charged year round. No pets. Follow for seasonal hours changes.",https://twitter.com/waldenpondstate/status/1721139995635826796,1721139995635826796
2024-01-02 17:33,event,,,Please join us for our annual Civil Disobedience program to honor Dr. Martin Luther King! Hear from Robbins House President Nikki Turpin and local historian Richard Smith about Thoreau's abolitionist views. https://t.co/TigjrE0bWT,https://twitter.com/waldenpondstate/status/1742237805659525445,1742237805659525445
2024-01-06 19:39,other,,12:00,"Walden Pond will delay opening of the the Visitor Center until 12 p.m. on January 7, 2024 due to the inclement weather. https://t.co/kZMjwureMW https://t.co/I6gcOHvrpb",https://twitter.com/waldenpondstate/status/1743718880906723679,1743718880906723679
2024-01-13 17:37,other,,,https://t.co/pphNS0stNa,https://twitter.com/waldenpondstate/status/1746225016272814421,1746225016272814421
2024-01-17 16:45,other,,,Visit Walden Pond State Reservation during Mass. School Vacation Week to learn about the ice trade from expert ice harvester Dennis Picard. https://t.co/DE9MWwcKSH,https://twitter.com/waldenpondstate/status/1747661405174497757,1747661405174497757
2024-01-28 13:26,other,2024-01-28,07:00,"Hours of operation update: Beginning TODAY Sunday, January 28th 2024 Walden Pond State Reservation will be open daily from 7:00am to 5:00pm. Year Round parking fees still apply. No pets. Follow for seasonal hours changes. Park Phone: 978-369-3254",https://twitter.com/waldenpondstate/status/1751597617019068920,1751597617019068920
2024-02-09 16:20,event,,,"Join us to hear expert ice harvester Dennis Picard tell the story Walden ice trade. See his collection of antique ice tools up close. (No ice, so no live ice cutting!) https://t.co/yPNzXsheGE",https://twitter.com/waldenpondstate/status/1755990046711099546,1755990046711099546
2024-02-26 18:27,event,2024-03-24,13:30,"Join us on Sunday March 24th, 12-1:30PM in the Visitor Center as we celebrate Women's History Month with the program ""Tender Sensibilities: Concord and Women's' History."" This program is free and open to the public, parking fees still apply. https://t.co/g8Pv2TGnSA",https://twitter.com/waldenpondstate/status/1762182505019387909,1762182505019387909
2024-03-10 11:32,other,2024-03-10,07:00,"⏳Hours of operation update⌛️ Beginning Sunday, March 10th, 2024, Walden Pond State Reservation will be open daily from 7am to 6:30pm. Parking fees charged year round. No pets. Follow for seasonal hours changes.",https://twitter.com/waldenpondstate/status/1766789271187263802,1766789271187263802
2024-03-28 18:37,other,,,Do you love Walden Pond State Reservation? Then vote for Walden Pond in this years DCR Park Madness! Go to DCR's Instagram @ massdcr and vote for your favorite park! #parkmadness #voteyourpark https://t.co/ZlAMG4p1Wv,https://twitter.com/waldenpondstate/status/1773419128453308702,1773419128453308702
2024-03-31 12:35,other,,05:00,Tomorrow 4/1 the Boat Ramp at Walden Pond will open at 5am for the season.  All persons are required to wear USCG approved flotation devices until May 15.,https://twitter.com/waldenpondstate/status/1774415241910079986,1774415241910079986
2024-04-01 15:09,other,,05:00,TODAY 4/1 the Boat Ramp at Walden Pond opened at 5am for the season.  All persons are required to wear USCG approved flotation devices until May 15.,https://twitter.com/waldenpondstate/status/1774816354345918634,1774816354345918634
2024-04-21 12:10,other,2024-04-21,07:00,"⏳Hours of operation update⌛️ Beginning Sunday, April 21st, 2024, Walden Pond State Reservation will be open daily from 7am to 7:00pm. Parking fees charged year round. No pets. Follow for seasonal hours changes.",https://twitter.com/waldenpondstate/status/1782018960323469569,1782018960323469569
2024-05-05 15:00,other,2024-05-05,07:00,"⏳Hours of operation update⌛️Beginning Sunday, May 5th, 2024, Walden Pond State Reservation will be open daily from 7am to 7:30pm. Parking fees charged year round. No pets. Follow for seasonal hours changes.",https://twitter.com/waldenpondstate/status/1787135181792387574,1787135181792387574
2024-05-15 19:47,event,2024-06-09,11:00,"Join us for a presentation on Common Loons (the birds) in Massachusetts. June 9th, 11am. https://t.co/O5auoz30g4",https://twitter.com/waldenpondstate/status/1790831446690578596,1790831446690578596
2024-05-22 17:53,other,,,https://t.co/ByUL1E2q9w,https://twitter.com/waldenpondstate/status/1793339314853605850,1793339314853605850
2024-05-22 17:53,other,,,https://t.co/ByUL1E2q9w,https://twitter.com/waldenpondstate/status/1793339448773554652,1793339448773554652
2024-05-28 10:44,other,,,"Advisory in effect at Walden Pond: due to elevated water levels, Red Cross Beach not currently accessible and Main Beach is mostly submerged to retaining wall. Capacity reduced until water levels recede. Expect frequent closures and limited beach access. https://t.co/3G0w2tL5Zd",https://twitter.com/waldenpondstate/status/1795405899961647519,1795405899961647519
2024-06-11 13:53,other,,11:00,The Boat Ramp at Walden Pond will be temporarily closed today Tuesday 6/11 from 11am-3pm to accommodate ongoing road work. Please call with any questions or need of clarification. We apologize for any inconvenience.,https://twitter.com/waldenpondstate/status/1800526877263610272,1800526877263610272
2024-06-11 19:00,other,,,"The Boat Ramp at Walden Pond is now back open for public use, and will follow regularly scheduled hours.",https://twitter.com/waldenpondstate/status/1800604112574439647,1800604112574439647
2024-06-19 16:42,other,,,https://t.co/sLls9WSlvO,https://twitter.com/waldenpondstate/status/1803468511307497878,1803468511307497878
2024-06-20 21:12,other,,,https://t.co/uNJEHlhGnE,https://twitter.com/waldenpondstate/status/1803898653708308660,1803898653708308660
2024-06-20 21:14,other,,,"For water quality test results, please go here and press the ""test results"" tab. Then select Main Beach. Red Cross beaches are underwater and therefore listed as closed. https://t.co/nNfcjcaGyL",https://twitter.com/waldenpondstate/status/1803899169297359150,1803899169297359150
2024-06-20 22:14,other,,,"Click TEST RESULTS TAB, THEN MAIN BEACH. RED CROSS IS UNDERWATER AND CLOSED for that reason.",https://twitter.com/waldenpondstate/status/1803914247560167629,1803914247560167629
2024-06-28 19:11,other,,16:00,"On the following Thursdays in July (11th, 18th, 25th), Walden Pond will host accessible kayaking with Waypoint Adventure. Parking at the boat ramp will be EXTREMELY limited between 12-4pm. Be prepared to drop off your boat and move your car to the Main Lot.",https://twitter.com/waldenpondstate/status/1806767352039497849,1806767352039497849
2024-07-05 20:07,event,,,"Next Saturday, join us for Thoreau's birthday! https://t.co/ZgZzuj6fbR",https://twitter.com/waldenpondstate/status/1809318291120497101,1809318291120497101
2024-07-07 17:36,other,,,https://t.co/ByUL1E2XZ4,https://twitter.com/waldenpondstate/status/1810005024107639173,1810005024107639173
2024-07-07 21:23,other,,,https://t.co/ByUL1E2q9w,https://twitter.com/waldenpondstate/status/1810061987000295548,1810061987000295548
2024-07-13 15:19,event,,,TODAY (SAT.) FROM 12-2 -- Come celebrate Henry's birthday (a day late)! https://t.co/5ENlcQUs0F,https://twitter.com/waldenpondstate/status/1812144860469629022,1812144860469629022
2024-07-14 13:43,other,2024-07-14,,SUN* 7/14/24,https://twitter.com/waldenpondstate/status/1812482997553180696,1812482997553180696
2024-07-23 13:23,event,2024-08-04,,"On August 4 from 11-12:30, join Park Interpreter Jacqui Kluft and Historian Richard Smith for a program expanding on Thoreau’s antislavery actions after his night in jail. https://t.co/rvWR6XSQqz",https://twitter.com/waldenpondstate/status/1815739402292711528,1815739402292711528
2024-08-04 20:52,other,2024-08-29,09:00,"Tuesdays in August (6th, 13th, 20th, 27th) and Thursday, August 29, from 9am-5pm. Accessible Kayaking with Waypoint Adventure is using our Boat Ramp, so parking will be limited. Please plan accordingly. https://www/waypointadventure.org/ https://t.co/7m5s5bjh12",https://twitter.com/waldenpondstate/status/1820201271959413200,1820201271959413200
2024-09-01 20:38,other,2024-09-22,,"Public Reading of Thoreau's ""Wild Apples"" will be held on Sunday, September 22nd at Walden Pond State Reservation, 915 Walden Street, Concord, MA. Please email us if you'd like to be a reader! https://t.co/6ueJDgNP5u",https://twitter.com/waldenpondstate/status/1830344385562656817,1830344385562656817
2024-09-08 11:42,other,2024-09-08,05:00,"⏳Hours of operation update⌛️Beginning Sunday, September 8th, 2024, Walden Pond State Reservation will be open daily from 5am to 6:30pm. Parking fees charged year round. No pets. Follow for seasonal hours changes.",https://twitter.com/waldenpondstate/status/1832746328679411964,1832746328679411964
2024-09-13 19:08,other,2024-09-15,,"Starting Sunday, September 15 and through Thursday,  May 15, 2025, all persons on board all water vessels-- including paddle boards--must wear a USCG-approved Type I, II, or III PFD (life jacket) at all times. https://t.co/tswkqkaTII",https://twitter.com/waldenpondstate/status/1834670494232019263,1834670494232019263
2024-09-15 19:41,other,,,https://t.co/ByUL1E2q9w,https://twitter.com/waldenpondstate/status/1835403712996544547,1835403712996544547
2024-09-25 14:05,event,2024-10-13,,"Join Concord historian and Thoreau scholar Richard Smith as he tells the story of Thoreau's essay, ""Autumnal Tints."" A walk into the woods and reading follows. Saturday, Oct 13, 1-2:30 at the Visitor Center. https://t.co/MIf0nJrfmz",https://twitter.com/waldenpondstate/status/1838942920570716422,1838942920570716422
2024-10-04 22:08,other,2024-10-06,07:00,"It's that time of year. Effective this Sunday, October 6, Park hours will be 7am-6:30pm. Bath house will close for the season on Sunday evening! Boat ramp still unlocks at 5am for visitors with boats. Life jacket required.",https://twitter.com/waldenpondstate/status/1842325949880164777,1842325949880164777
2024-10-11 22:21,other,2024-10-13,07:00,"Effective Sun. Oct. 13, hours will be 7am-5:30pm. Gate locks at 6pm. Boat ramp closed for season. Visitor Center bathrooms 7am-5:30pm. VC 10am-4pm. Boat Ramp 5:00am-5:30pm.",https://twitter.com/waldenpondstate/status/1844865940397150477,1844865940397150477
2024-10-17 02:46,event,2024-10-20,10:00,"Celebrate Archeology October with DCR archeologists and park staff on Sunday, Oct. 20, from 10am-2pm. See our recent archeology finds from Walden or take a guided tour to several archeology sites. Tours at 10:30am and 12:30pm. Parking fees apply.",https://twitter.com/waldenpondstate/status/1846744524103864330,1846744524103864330
2024-10-20 22:17,other,,,"Next Sunday (10/27), Tom Ricardi will be back at Walden Pond Visitor Center with LIVE Birds of Prey! It will be busy, and we may run out of parking, so you may want to come early. https://t.co/q34FLN620p",https://twitter.com/waldenpondstate/status/1848126456116937124,1848126456116937124
2024-10-28 01:45,other,2024-11-03,07:00,"Beginning November 3, 2024, when the clocks fall back, our park hours will be 7am-4:00pm, with gate locking at 4:30pm.",https://twitter.com/waldenpondstate/status/1850715361173225724,1850715361173225724
2024-11-08 14:51,other,2024-11-08,07:00,"Free parking Nov. 8-11 in honor of Veteran's Day! Hours
7 am-4 pm. Visitor Center 10 am-3 pm. Shop 10 am-4 pm.",https://twitter.com/waldenpondstate/status/1854899496129339474,1854899496129339474
2024-12-13 18:11,other,,,"Kick off 2025 with a self-guided First Day Hike at Walden Pond State Reservation, January 1 from 10-3. Warm up by the wood stove in the replica house with Henry David Thoreau (portrayed by Historian Richard Smith) from 12-2. Stop by the Visitor Center for some hot cocoa. FREE. https://t.co/bIOIdj7H8w",https://twitter.com/waldenpondstate/status/1867633471549845779,1867633471549845779
2025-01-04 13:36,event,2025-01-20,,"On Monday, January 20th, join us to commemorate Dr. Martin Luther King Jr.'s civil rights legacy and Henry David Thoreau's antislavery legacy. At the Walden Pond Visitor Center. FREE. Regular parking fees apply. https://t.co/cssHCkDwv0",https://twitter.com/waldenpondstate/status/1875536702250639603,1875536702250639603
2025-01-11 15:02,other,2025-01-11,,"It's snowing! The Thoreau Society's ""Shop at Walden"" is  closed today, Saturday, January 11, due to snow. An update on Walden: there is some very thin ice on the surface in shallower areas, but it is not safe! https://t.co/CiIm75YlwG https://t.co/vBj1V1UyZ0",https://twitter.com/waldenpondstate/status/1878095113743724571,1878095113743724571
2025-01-20 16:47,event,,13:00,Roads are clear. Sun is out. Our annual Civil Disobedience program at the Visitor Center will start at 1:00 pm as scheduled. Drive safely.,https://twitter.com/waldenpondstate/status/1881382965332345182,1881382965332345182
2025-01-22 15:34,other,,,"DCR Recreational Advisory for Walden Pond. Access to Main Beach will be limited, but access to Red Cross and the house site is open. Sorry for any inconvenience. https://t.co/NWFnZ5xILz",https://twitter.com/waldenpondstate/status/1882089488492683484,1882089488492683484
2025-01-25 21:04,other,,07:00,"Starting tomorrow, we will be open every day 7am-5pm. Our Visitor Center bathrooms are getting new floors and are closed this week (1/25). Porta Potties are available.",https://twitter.com/waldenpondstate/status/1883259769672372670,1883259769672372670
2025-02-15 16:18,event,2025-02-23,,Join us on Sunday February 23 at 11 as we welcome historian and expert ice harvester Dennis Picard for a FREE program. Learn about the 19th century ice industry and see the tools of the trade. Regular parking fees apply. https://t.co/tQ09gGmHI3,https://twitter.com/waldenpondstate/status/1890797960688001244,1890797960688001244
2025-03-08 19:07,other,2025-03-09,07:00,"Effective March 9, 2025, Park hours are 7AM - 6:30PM, every day. Capacity info on DCR Park Alerts: https://t.co/uNJEHlhGnE or by calling. Restrooms in Visitor Center.",https://twitter.com/waldenpondstate/status/1898450488716042394,1898450488716042394
2025-03-31 12:59,other,2025-04-01,05:00,"Tomorrow Tuesday April 1st, 2025 the Boat Ramp at Walden Pond will open for the season! The Boat Ramp will unlock automatically at 5am. The Main Parking lots will not open until 7am. Use caution there is active construction next to the start of the ramp entrance.",https://twitter.com/waldenpondstate/status/1906692898122281198,1906692898122281198
2025-04-13 00:09,other,2025-04-13,07:00,"Beginning tomorrow, Sunday April 13th, Walden Pond will be open 7AM-7PM, every day.",https://twitter.com/waldenpondstate/status/1911210187249139726,1911210187249139726
2025-04-16 12:56,event,2025-04-18,,"ADVISORY: Friday April 18-Monday April 21, parking at Walden is restricted to park users ONLY. There is NO 250 event parking on site. This will be strictly enforced; vehicles in violation will be subject to ticketing and towing. Park open regular hours. https://t.co/l9mnSxnmyG",https://twitter.com/waldenpondstate/status/1912490201668026583,1912490201668026583
2025-04-18 18:35,event,2025-04-21,12:00,"Join us on Monday, April 21st, at 12pm to hear about the two revolutions of Concord with historian Richard Smith. Free parking for school vacation week, April 21-27. https://t.co/DMUDUWv6mi",https://twitter.com/waldenpondstate/status/1913300268734705789,1913300268734705789
2025-04-22 17:47,event,2025-04-27,13:00,"Saunter over to Walden Pond on Sunday April 27 to join transcendentalist and author Jim Sherblom as he discusses transcendentalist experiences. Talk at 1pm, walk at 2pm. https://t.co/L7UI2DUTGM",https://twitter.com/waldenpondstate/status/1914737954607558882,1914737954607558882
2025-04-29 18:44,event,2025-05-11,10:30,"It's peak spring migration season! Join expert ornithologist Peter Alden on a bird walk around Walden Pond Reservation. He'll be joined by Brian Cassie (Sunday, May 11) and Lillian Stokes (Sunday, May 18). 8-10:30AM. https://t.co/kNh4yfqNJa",https://twitter.com/waldenpondstate/status/1917288841704091831,1917288841704091831
2025-05-03 21:21,other,2025-05-04,07:00,"Effective Sunday, May 4th, 2025 - Walden Pond State Reservation will be open daily from 7:00 am - 7:30 pm.",https://twitter.com/waldenpondstate/status/1918777983470383584,1918777983470383584
2025-05-11 18:57,other,,,https://t.co/uNJEHlhGnE,https://twitter.com/waldenpondstate/status/1921640800057745526,1921640800057745526
2025-05-15 18:26,other,2025-05-16,05:00,"Effective Friday, May 16th, 2025 - Walden Pond State Reservation will be open daily from 5:00 am - 7:30 pm.",https://twitter.com/waldenpondstate/status/1923082668066951632,1923082668066951632
2025-06-23 22:12,other,2025-06-24,05:00,"Walden Pond will remain closed for the remainder of the night.  Walden Pond will reopen Tuesday, June 24th at 5AM.",https://twitter.com/waldenpondstate/status/1937272542076784905,1937272542076784905
2025-07-11 13:59,event,2025-07-19,,"Stop by on Saturday, July 19 from 12-2 to celebrate the 30th birthday of Henry David Thoreau (as portrayed by local historian Richard Smith). At the house replica. All ages. Free. https://t.co/i5x7d0aitQ",https://twitter.com/waldenpondstate/status/1943671552827863267,1943671552827863267
2025-07-15 15:19,event,2025-07-27,,"Join multimedia artist Elena (Zhonghe) Li for a traditional Chinese papercutting workshop at the Walden Pond Visitor Center! Two sessions: Sunday July 27 and Saturday August 23, 11-12:30. Advance registration required. Free (regular parking fees apply). https://t.co/w5ESiKIgJm",https://twitter.com/waldenpondstate/status/1945141148055433628,1945141148055433628
2025-07-31 18:45,other,,11:00,This Sunday at 11 am. Here about Thoreau's anti-slavery meeting in the woods. https://t.co/ANXdaxj56y,https://twitter.com/waldenpondstate/status/1950991312506741148,1950991312506741148
2025-08-15 22:28,event,,13:30,"It will soon be time to mark the 178th anniversary of Thoreau's departure from Walden Pond on Sept. 6th, 1847.  We will also be celebrating Richard Smith's last public portrayal of Thoreau. He's hanging up his straw hat after 26 yrs! Come thank him with us! Sat, Sept. 6 12-1:30pm https://t.co/cHHy96bRDg",https://twitter.com/waldenpondstate/status/1956483212714086669,1956483212714086669
2025-08-16 14:08,other,,,https://t.co/uNJEHlhGnE,https://twitter.com/waldenpondstate/status/1956719806708621425,1956719806708621425
2025-09-04 12:13,other,2025-09-07,18:30,"⏳Hours of Operation Update ⌛️
Starting Sunday, September 7th, Walden Pond State Reservation will begin closing at 6:30 PM daily.  Opening times will remain 5AM.",https://twitter.com/waldenpondstate/status/1963576222614434099,1963576222614434099
2025-09-12 22:11,other,,05:00,"In honor of ""Girl Scouts love State Parks,"" 
there is free parking this Saturday-Sunday, Sept. 13-14.
Hours are still 5am-6:30pm.",https://twitter.com/waldenpondstate/status/1966625860695273478,1966625860695273478
2025-09-17 20:13,event,,,"We will be celebrating Thoreau's essay ""Wild Apples"" with a program on Sunday, Sept. 28 at Noon by historians Richard Smith and Dennis Picard. https://t.co/fjn2tAGk1k",https://twitter.com/waldenpondstate/status/1968408073246007590,1968408073246007590
2025-09-23 21:36,event,,,"Please be advised, tomorrow, Wed., Sept. 24, from 10a-1p, limited parking available at boat ramp as we host DCR's Universal Access Program and Waypoint Adventure for adaptive canoeing. For more info about UAP, please visit https://t.co/1hkRXRvZuN",https://twitter.com/waldenpondstate/status/1970603140748882350,1970603140748882350
2025-09-30 17:55,event,,12:00,"Henry David Thoreau observed, ""October is the month of painted leaves."" Visit Walden Pond on Sunday the 12th to hear Concord Historian Richard Smith recount the story of Thoreau's essay ""Autumnal Tints."" Talk is at 12pm at the Visitor Center; guided walk to follow. FREE. https://t.co/7oSdrd4YH1",https://twitter.com/waldenpondstate/status/1973084210408636608,1973084210408636608
2025-09-30 18:50,event,2025-10-01,,"Please be advised, tomorrow, Wed., Oct. 1, from 10a-1p, limited parking available at boat ramp as we host DCR's Universal Access Program and Waypoint Adventure for adaptive canoeing. For more info about UAP, please visit: https://t.co/1hkRXRvrFf",https://twitter.com/waldenpondstate/status/1973098046150824289,1973098046150824289
2025-10-02 15:51,other,,05:00,"""Last 5 AM on Sat. 10/4"" Effective Sun., Oct. 5, gate hours will change to 7am - 6:30 pm, daily. Please plan accordingly.",https://twitter.com/waldenpondstate/status/1973777841092542858,1973777841092542858
2025-10-15 15:41,other,2025-10-19,07:00,"*NEW PARK HOURS! Effective Sunday Oct. 19th, 2025, hrs.: 7AM - 5:30PM, daily.   Please plan accordingly.",https://twitter.com/waldenpondstate/status/1978486369824440331,1978486369824440331
2025-10-15 22:22,other,,,We're sorry to inform you that Tom Ricardi had to cancel this weekend's even. We will reschedule for another time. https://t.co/btPIIxCNFd,https://twitter.com/waldenpondstate/status/1978587296841490602,1978587296841490602
2025-10-16 18:26,other,2025-10-19,,"We are pleased to announce that ""Eyes on Owls"" will be coming Sunday, October 19 at Noon on the deck with 7 birds of prey. https://t.co/u5cvZghio5",https://twitter.com/waldenpondstate/status/1978890328695361539,1978890328695361539
2025-10-28 19:11,other,2025-11-02,07:00,"Park hours will change again this Sunday, Nov. 2nd to 7:00 AM - 4:00 PM. Please plan accordingly. Boat Ramp access will remain open at 5AM daily through the end of November (construction permitting).",https://twitter.com/waldenpondstate/status/1983250319024046554,1983250319024046554
2025-10-30 21:38,other,2025-11-15,16:00,"Update on the boat ramp: due to construction work on the ramp, the boat ramp at Walden will close for the winter on Saturday, NOVEMBER 15, 2025 at 4pm. Please plan accordingly.",https://twitter.com/waldenpondstate/status/1984012031272628722,1984012031272628722
2025-10-30 21:39,other,2025-11-02,07:00,"Park hours will change again this Sunday, Nov. 2nd to 7:00 AM - 4:00 PM. Please plan accordingly. Boat Ramp access will remain open at 5AM daily through November 15th.",https://twitter.com/waldenpondstate/status/1984012252144660808,1984012252144660808
2025-11-10 15:47,other,2025-11-10,,"🚨🚨Update on Boat Ramp: Due to construction and accessibility improvements, the Boat Ramp at Walden is CLOSED FOR THE SEASON as of today November 10th 2025. We apologize for any inconvenience. 🚨🚨",https://twitter.com/waldenpondstate/status/1987910000962842968,1987910000962842968
2025-12-17 19:19,event,,11:00,"Please join us on New Year's Day for our 1st Day self-guided hike. We will have special interpretive signage along the accessible trail. Henry David Thoreau, as portrayed by Brent Ranalli, will welcome visitors to his house (the replica), 11am-1pm. Refreshments will be served. https://t.co/D5icvNxNHS",https://twitter.com/waldenpondstate/status/2001371632825466979,2001371632825466979
2025-12-31 17:24,other,,11:00,"Due to current icy trail conditions (microspikes are needed), we are canceling our self-guided FIRST DAY HIKE along the accessible trail. Interpretive signs will be placed along the VC Deck. You can still meet Thoreau (11am-1pm)/enjoy hot chocolate/free parking. VC hrs: 10am-3pm.",https://twitter.com/waldenpondstate/status/2006416251812192343,2006416251812192343
2026-01-14 17:05,event,2026-01-19,12:00,"Join us on MLK Jr. Day (Monday, January 19) at 12pm for scenes from the play ""The Night Thoreau Spent in Jail,"" followed by a presentation and conversation on the legacy of Henry David Thoreau's essay ""Resistance to Civil Government."" FREE. https://t.co/Xlonbiv8mT",https://twitter.com/waldenpondstate/status/2011484817049677868,2011484817049677868
2026-01-20 17:10,other,2026-01-25,17:00,"⏳Hours of Operation Update⌛️
Beginning Sunday January 25th, 2026, Walden Pond will be closing at 5PM daily.
All vehicles must exit by gate closing at 5:30PM.
The boat ramp parking area will remain closed.",https://twitter.com/waldenpondstate/status/2013660532276891952,2013660532276891952
2026-02-19 20:12,event,,,This event has been POSTPONED until Spring. Sorry for any inconvenience! https://t.co/Vonl0kEB7C,https://twitter.com/waldenpondstate/status/2024577966039073047,2024577966039073047
2026-03-05 14:20,other,2026-03-08,18:30,"⏳Hours of Operation Update⌛️
Beginning Sunday March 8th, Walden Pond will be closing at 6:30PM daily. 
All vehicles must exit by gate closing at 7PM. 
The boat ramp parking area will remain closed.",https://twitter.com/waldenpondstate/status/2029562785286308072,2029562785286308072
2026-03-30 18:56,other,2026-04-01,05:00,The Boat Ramp at Walden Pond will open for the season on Wednesday April 1st at 5am. The gate will unlock automatically.,https://twitter.com/waldenpondstate/status/2038691968310518114,2038691968310518114
2026-04-05 11:26,other,2026-04-05,07:00,"⏳Hours of Operation Update⌛️
Beginning today, Sunday April 5th, 2026 Walden Pond will be opened 7AM-7PM.
All vehicles must exit by gate closing at 7:30PM.
The boat ramp is open daily 5AM-7PM.",https://twitter.com/waldenpondstate/status/2040752920719753627,2040752920719753627
2026-05-15 20:51,other,2026-05-17,05:00,"⏳Hours of Operation Update⌛️
Beginning Sunday, May 17th Walden Pond will be opening at 5AM daily.
New park hours will be 5AM-7:30PM.
All vehicles must exit boat ramp parking lot by 7:30PM.
All vehicles must exit main lot by 8PM.
Parking fees apply from open to close, year round.",https://twitter.com/waldenpondstate/status/2055390645016047706,2055390645016047706
2026-05-23 12:13,other,,09:00,"The much-anticipated new bathhouse is opening TODAY AT 9AM! Men's, Women's and family restrooms are available, along with outdoor showers. Direct access is now available to Main Beach.",https://twitter.com/waldenpondstate/status/2058159504257077547,2058159504257077547
2026-06-12 20:47,other,,11:00,"Tomorrow in the Walden Pond Visitor Center, starting at 11am. https://t.co/LaN0773PAU",https://twitter.com/waldenpondstate/status/2065536376087412779,2065536376087412779
2026-06-13 21:50,other,,16:00,This happens tomorrow from 2-4pm at Walden. https://t.co/2pRLiwa9Lk,https://twitter.com/waldenpondstate/status/2065914690840957208,2065914690840957208
2026-06-15 16:10,event,2026-06-21,11:00,"Join us this Sunday June 21st from 11am-12:30pm at the Visior Center for a program about one of Walden's favorite visitors... Loons!! This FREE program will discuss the lives, and restoration of the loon in Massachusetts and beyond! https://t.co/v9jsuMOzLj",https://twitter.com/waldenpondstate/status/2066553891689201917,2066553891689201917
2026-06-27 18:17,other,,,It's been 209 years since Thoreau's birth! https://t.co/LZTdAj6fAU,https://twitter.com/waldenpondstate/status/2070934533021573216,2070934533021573216
